date,code,open,high,low,close,preclose,volume,amount,turn,pctChg,peTTM,pbMRQ,psTTM,pcfNcfTTM,10_days_beta,20_days_beta,30_days_beta
2021-12-20,sz.000736,5.9600,6.2900,5.9200,6.2800,5.9500,8951695,55124148.9200,1.287200,5.546200,69.114077,1.442003,0.425715,-2907.298632,-0.7631851914798111,-0.7631851914798111,-0.7631851914798111
2021-12-21,sz.000736,6.3000,6.9100,6.3000,6.9100,6.2800,13675186,91898507.2900,1.966400,10.031800,76.047495,1.586663,0.468423,-3198.954387,0.1461468861327313,0.1461468861327313,0.1461468861327313
2021-12-22,sz.000736,7.3600,7.6000,6.7000,7.0700,6.9100,30133380,219581916.4600,4.333000,2.315500,77.808364,1.623402,0.479269,-3273.025689,0.46319638492357673,0.46319638492357673,0.46319638492357673
2021-12-23,sz.000736,6.7000,6.9800,6.4000,6.5200,7.0700,16662237,110260777.2400,2.395900,-7.779300,71.755379,1.497112,0.441985,-3018.405586,-0.6709593235123827,-0.6709593235123827,-0.6709593235123827
2021-12-24,sz.000736,6.7800,6.8000,6.1600,6.1800,6.5200,10467667,66107685.5900,1.505200,-5.214700,68.013534,1.419042,0.418937,-2861.004068,-0.1665170124565446,-0.1665170124565446,-0.1665170124565446
2021-12-27,sz.000736,6.2600,6.4900,6.1900,6.3600,6.1800,7388008,46799991.2900,1.062400,2.912600,69.994511,1.460373,0.431139,-2944.334284,0.5136862839614412,0.5136862839614412,0.5136862839614412
2021-12-28,sz.000736,6.3100,6.5300,6.1200,6.4900,6.3600,6840766,43217848.0200,0.983700,2.044000,71.425216,1.490223,0.439951,-3004.517217,0.4964340121560884,0.4964340121560884,0.4964340121560884
2021-12-29,sz.000736,6.4300,6.4800,6.1500,6.2800,6.4900,7203980,44920521.6300,1.035900,-3.235700,69.114077,1.442003,0.425715,-2907.298632,1.0347156515542963,1.0347156515542963,1.0347156515542963
2021-12-30,sz.000736,6.2700,6.3100,6.1400,6.2900,6.2800,4948000,30875835.4000,0.711500,0.159200,69.224131,1.444300,0.426393,-2911.928089,0.9788733063515068,0.9788733063515068,0.9788733063515068
2021-12-31,sz.000736,6.2500,6.6900,6.1700,6.3500,6.2900,6495215,41338852.9100,0.934000,0.953900,69.884457,1.458077,0.430461,-2939.704827,0.7543928174355481,0.7543928174355481,0.7543928174355481
2022-01-04,sz.000736,6.3500,6.5500,6.1500,6.5100,6.3500,6183476,39689617.7000,0.889200,2.519700,71.645325,1.494816,0.441307,-3013.776130,3.0694490407564388,3.0694490407564388,3.0694490407564388
2022-01-05,sz.000736,6.4800,7.1600,6.4200,6.8300,6.5100,16262651,111818713.4900,2.338500,4.915500,75.167061,1.568293,0.462999,-3161.918735,-0.05785265422760663,-0.05785265422760663,-0.05785265422760663
2022-01-06,sz.000736,6.5500,7.3700,6.5500,7.2000,6.8300,16996686,119908369.9400,2.444000,5.417300,79.239069,1.653252,0.488081,-3333.208623,-0.6934359528152574,-0.6934359528152574,-0.6934359528152574
2022-01-07,sz.000736,6.9800,7.9200,6.9800,7.7600,7.2000,28212205,217581556.8600,4.056800,7.777800,85.402108,1.781839,0.526043,-3592.458182,0.002225491908860201,0.002225491908860201,0.002225491908860201
2022-01-10,sz.000736,7.5400,7.9600,7.4500,7.8100,7.7600,18980888,146083619.8900,2.729400,0.644300,85.952379,1.793319,0.529433,-3615.605465,-0.9971472438140239,-0.9971472438140239,-0.9971472438140239
2022-01-11,sz.000736,7.6500,7.8900,7.3500,7.8800,7.8100,15492242,119347856.3000,2.227700,0.896300,86.722759,1.809393,0.534178,-3648.011659,-0.720114807903848,-0.720114807903848,-0.720114807903848
2022-01-12,sz.000736,7.8800,8.0000,7.5700,7.6800,7.8800,7523581,58330034.2000,1.081900,-2.538100,84.521674,1.763469,0.520620,-3555.422531,-1.4785181960933038,-1.4785181960933038,-1.4785181960933038
2022-01-13,sz.000736,7.6800,7.9900,7.1800,7.5100,7.6800,17077805,128540752.5100,2.455700,-2.213500,82.650751,1.724434,0.509096,-3476.721772,-1.0588640635706938,-1.0588640635706938,-1.0588640635706938
2022-01-14,sz.000736,7.4300,7.4700,7.0000,7.2500,7.5100,8244069,59151308.3800,1.185500,-3.462100,79.789340,1.664733,0.491471,-3356.355905,-1.2763430269201537,-1.2763430269201537,-1.2763430269201537
2022-01-17,sz.000736,7.1900,7.5000,7.1200,7.4400,7.2500,6102250,44949422.7100,0.877500,2.620700,81.880371,1.708361,0.504351,-3444.315577,-0.7762788894508931,-0.7762788894508931,-0.7762788894508931
2022-01-18,sz.000736,7.4000,7.5900,7.0900,7.3400,7.4400,4227317,31006361.3300,0.607900,-1.344100,80.779829,1.685399,0.497572,-3398.021013,-0.8667144153767183,-0.8667144153767183,-0.8667144153767183
2022-01-19,sz.000736,7.3400,7.6500,7.2100,7.2800,7.3400,5208496,38600122.3100,0.749000,-0.817400,80.119503,1.671622,0.493505,-3370.244274,-0.2177756347662421,-0.2177756347662421,-0.2177756347662421
2022-01-20,sz.000736,7.3000,7.8600,7.2900,7.3600,7.2800,6615348,49637508.6200,0.951300,1.098900,80.999937,1.689991,0.498928,-3407.279926,0.009715981410336656,0.009715981410336656,0.009715981410336656
2022-01-21,sz.000736,7.2300,7.4100,7.0500,7.3600,7.3600,4555926,32934312.0400,0.655100,0.000000,80.999937,1.689991,0.498928,-3407.279926,0.2857661874012872,0.2857661874012872,0.2857661874012872
2022-01-24,sz.000736,7.4100,7.6500,7.1500,7.6200,7.3600,5553580,41520752.6400,0.798600,3.532600,83.861348,1.749692,0.516553,-3527.645793,0.434177701492566,0.434177701492566,0.434177701492566
2022-01-25,sz.000736,7.6200,7.6800,7.2900,7.5600,7.6200,5101430,38247044.9200,0.733600,-0.787400,83.201023,1.735915,0.512486,-3499.869054,0.45067483548044934,0.45067483548044934,0.45067483548044934
2022-01-26,sz.000736,7.5000,7.5500,7.2000,7.2300,7.5600,2811273,20564296.5400,0.404200,-4.365100,79.569232,1.660141,0.490115,-3347.096992,0.46366077300860165,0.46366077300860165,0.46366077300860165
2022-01-27,sz.000736,7.1600,7.2600,7.0000,7.0600,7.2300,4655598,33068906.3500,0.669500,-2.351300,77.698309,1.621106,0.478591,-3268.396233,0.4852467561059388,0.4852467561059388,0.4852467561059388
2022-01-28,sz.000736,7.1500,7.4000,7.0200,7.2200,7.0600,2190837,15869891.0400,0.315000,2.266300,79.459178,1.657845,0.489437,-3342.467536,0.6229397284160231,0.6229397284160231,0.6229397284160231
2022-02-07,sz.000736,7.2600,7.3800,6.8800,7.0400,7.2200,6594310,46517302.8700,0.948200,-2.493100,77.478201,1.616513,0.477235,-3259.137320,0.04806126475365428,0.04806126475365428,0.04806126475365428
2022-02-08,sz.000736,7.0000,7.1900,6.9000,7.1900,7.0400,6598702,46757039.6800,0.948900,2.130700,79.129015,1.650956,0.487404,-3328.579166,0.06464438210774007,0.06464438210774007,0.06464438210774007
2022-02-09,sz.000736,7.2100,7.4900,7.1300,7.1500,7.1900,6043908,44002615.0800,0.869100,-0.556300,78.688798,1.641771,0.484692,-3310.061341,-0.020079909156364713,-0.020079909156364713,-0.020079909156364713
2022-02-10,sz.000736,7.1300,7.6000,6.9900,7.3300,7.1500,5417290,39778150.9800,0.779000,2.517500,80.669774,1.683103,0.496894,-3393.391556,-0.08238709698097012,-0.08238709698097012,-0.08238709698097012
2022-02-11,sz.000736,7.2700,7.6300,7.2600,7.5000,7.3300,6372416,47571552.6800,0.916300,2.319200,82.540697,1.722138,0.508418,-3472.092315,-0.20240278803488282,-0.20240278803488282,-0.20240278803488282
2022-02-14,sz.000736,7.2800,7.3900,7.0000,7.1100,7.5000,5076317,36202280.7100,0.729900,-5.200000,78.248581,1.632587,0.481980,-3291.543515,-0.3923495581712824,-0.3923495581712824,-0.3923495581712824
2022-02-15,sz.000736,7.0300,7.2500,6.8900,7.0300,7.1100,3332519,23397950.4900,0.479200,-1.125200,77.368147,1.614217,0.476557,-3254.507864,-0.4872399354802194,-0.4872399354802194,-0.4872399354802194
2022-02-16,sz.000736,7.0400,7.1500,6.9800,7.1000,7.0300,2043903,14491100.2100,0.293900,0.995700,78.138526,1.630290,0.481303,-3286.914059,-0.2241460209847305,-0.2241460209847305,-0.2241460209847305
2022-02-17,sz.000736,7.1000,7.1200,6.9200,7.0000,7.1000,2189510,15342583.9500,0.314800,-1.408500,77.037984,1.607329,0.474524,-3240.619494,-1.0156448658848418,-1.0156448658848418,-1.0156448658848418
2022-02-18,sz.000736,7.0600,7.7000,7.0000,7.6200,7.0000,7096535,52805530.1300,1.020400,8.857100,83.861348,1.749692,0.516553,-3527.645793,-0.7372434959394326,-0.7372434959394326,-0.7372434959394326
2022-02-21,sz.000736,7.5900,7.9700,7.3200,7.6300,7.6200,6129381,46256619.2400,0.881400,0.131200,83.971402,1.751988,0.517231,-3532.275249,-0.47412154450185073,-0.47412154450185073,-0.47412154450185073
2022-02-22,sz.000736,7.5300,7.7700,7.5000,7.6800,7.6300,7840389,60394079.3600,1.127400,0.655300,84.521674,1.763469,0.520620,-3555.422531,-0.2883365057421441,-0.2883365057421441,-0.2883365057421441
2022-02-23,sz.000736,7.8000,7.8400,7.2900,7.3300,7.6800,5041811,37407400.9800,0.725000,-4.557300,80.669774,1.683103,0.496894,-3393.391556,-1.0026181058879067,-1.0026181058879067,-1.0026181058879067
2022-02-24,sz.000736,7.3900,7.3900,7.0200,7.0900,7.3300,4295590,30736504.9700,0.617700,-3.274200,78.028472,1.627994,0.480625,-3282.284602,-0.13745888583744242,-0.13745888583744242,-0.13745888583744242
2022-02-25,sz.000736,7.1500,7.5800,7.0600,7.4800,7.0900,4360914,32043231.7200,0.627100,5.500700,82.320588,1.717545,0.507062,-3462.833403,0.6274199223364169,0.6274199223364169,0.6274199223364169
2022-02-28,sz.000736,7.4600,7.6300,7.1700,7.6300,7.4800,3450182,25417998.0000,0.496100,2.005300,83.971402,1.751988,0.517231,0.000000,0.25568881335541377,0.25568881335541377,0.25568881335541377
2022-03-01,sz.000736,7.5400,7.6500,7.3900,7.5000,7.6300,1874665,14067725.0000,0.269600,-1.703800,82.540697,1.722138,0.508418,-3472.092315,0.5557892940870343,0.5557892940870343,0.5557892940870343
2022-03-02,sz.000736,7.5200,7.8000,7.5000,7.6700,7.5000,5010476,38431773.0000,0.720500,2.266700,84.411619,1.761173,0.519942,-3550.793075,0.36372989442282383,0.36372989442282383,0.36372989442282383
2022-03-03,sz.000736,7.6900,7.8900,7.6000,7.8800,7.6700,4301268,33467255.0000,0.618500,2.737900,86.722759,1.809393,0.534178,-3648.011659,0.2934096712024412,0.2934096712024412,0.2934096712024412
2022-03-04,sz.000736,7.8600,7.8900,7.7200,7.8000,7.8800,4210798,32847723.0000,0.605500,-1.015200,85.842325,1.791023,0.528755,-3610.976008,0.1128359509753366,0.1128359509753366,0.1128359509753366
2022-03-07,sz.000736,7.7800,8.1800,7.7300,8.0800,7.8000,6722063,53945872.0000,0.966600,3.589700,88.923844,1.855316,0.547736,-3740.600788,-0.36114105250832684,-0.36114105250832684,-0.36114105250832684
2022-03-08,sz.000736,8.0200,8.0800,7.6700,8.0500,8.0800,5616622,44356558.0000,0.807600,-0.371300,88.593681,1.848428,0.545702,-3726.712419,-0.24082299784905853,-0.24082299784905853,-0.24082299784905853
2022-03-09,sz.000736,8.1000,8.1000,7.3900,7.6600,8.0500,5389374,40966891.0000,0.775000,-4.844700,84.301565,1.758877,0.519264,-3546.163618,0.5884500683843229,0.5884500683843229,0.5884500683843229
2022-03-10,sz.000736,7.6000,7.9000,7.5000,7.6500,7.6600,3528536,27161324.0000,0.507400,-0.130500,84.191511,1.756581,0.518587,-3541.534162,0.09136066676956679,0.09136066676956679,0.09136066676956679
2022-03-11,sz.000736,7.4800,7.5900,7.3000,7.4700,7.6500,2233654,16612904.0000,0.321200,-2.352900,82.210534,1.715249,0.506385,-3458.203946,-0.5217097368124781,-0.5217097368124781,-0.5217097368124781
2022-03-14,sz.000736,7.4000,7.8300,7.0600,7.1200,7.4700,6290250,46790959.0000,0.904500,-4.685400,78.358635,1.634883,0.482658,-3296.172971,-0.18647092397641707,-0.18647092397641707,-0.18647092397641707
2022-03-15,sz.000736,7.0000,7.1200,6.4100,6.4100,7.1200,4887808,32692889.0000,0.702800,-9.971900,70.544782,1.471854,0.434528,-2967.481566,0.768679299742419,0.768679299742419,0.768679299742419
2022-03-16,sz.000736,6.4500,6.6300,6.3000,6.5400,6.4100,5169735,33496735.0000,0.743400,2.028100,71.975488,1.501704,0.443341,-3027.664499,0.7399336789085125,0.7399336789085125,0.7399336789085125
2022-03-17,sz.000736,6.9800,7.1600,6.7100,6.8400,6.5400,6932957,48006945.0000,0.996900,4.587200,75.277116,1.570590,0.463677,-3166.548192,0.9456898951282968,0.9456898951282968,0.9456898951282968
2022-03-18,sz.000736,6.8300,7.4700,6.7000,7.3700,6.8400,12284484,87784356.0000,1.766400,7.748500,81.109992,1.692287,0.499606,-3411.909382,1.0603517669354727,1.0603517669354727,1.0603517669354727
2022-03-21,sz.000736,7.3200,7.7400,7.0100,7.7000,7.3700,17241366,127889611.8100,2.479200,4.477600,84.741782,1.768061,0.521976,-3564.681444,1.491035881813778,1.491035881813778,1.491035881813778
2022-03-22,sz.000736,7.4600,8.4700,7.4600,7.8600,7.7000,36388427,292778167.2500,5.232500,2.077900,86.502650,1.804800,0.532822,-3638.752747,1.6325266611392457,1.6325266611392457,1.6325266611392457
2022-03-23,sz.000736,7.8200,8.6500,7.4000,8.6500,7.8600,37499748,306898712.1800,5.392300,10.050900,95.196937,1.986199,0.586376,-4004.479804,1.6338014602108448,1.6338014602108448,1.6338014602108448
2022-03-24,sz.000736,8.4000,9.5200,8.2500,8.7700,8.6500,45184337,408240562.4600,6.497300,1.387300,96.517588,2.013753,0.594510,-4060.033281,1.8070183162787934,1.8070183162787934,1.8070183162787934
2022-03-25,sz.000736,8.6000,9.6500,8.1800,9.6500,8.7700,34275563,314873873.2800,4.928700,10.034200,106.202363,2.215817,0.654165,-4467.425446,1.520447845929514,1.520447845929514,1.520447845929514
2022-03-28,sz.000736,10.0000,10.6200,9.7000,10.6200,9.6500,39191781,408412613.4400,5.635600,10.051800,116.877627,2.438547,0.719920,-4916.482719,1.08000359895436,1.08000359895436,1.08000359895436
2022-03-29,sz.000736,10.6200,11.6800,9.5600,11.6800,10.6200,73903740,822066915.2000,10.627000,9.981200,128.543379,2.681943,0.791777,-5407.205099,-1.0137463240734603,-1.0137463240734603,-1.0137463240734603
2022-03-30,sz.000736,12.8500,12.8500,12.3000,12.8500,11.6800,39038915,498733810.2800,5.613600,10.017100,141.419727,2.950596,0.871090,-5948.851501,0.09005615933641892,0.09005615933641892,0.09005615933641892
2022-03-31,sz.000736,14.1400,14.1400,13.2000,14.1400,12.8500,38224976,536892203.0200,5.496600,10.038900,155.616727,3.246804,0.958538,-6546.051379,0.30717541327179704,0.30717541327179704,0.30717541327179704
2022-04-01,sz.000736,15.0000,15.5500,14.9100,15.5500,14.1400,90028510,1395712215.9000,12.945700,9.971700,171.134378,3.570566,1.054120,-7198.804734,0.43126667997988155,0.43126667997988155,0.43126667997988155
2022-04-06,sz.000736,17.1100,17.1100,17.1100,17.1100,15.5500,3196751,54696409.6100,0.459700,10.032200,188.302843,3.928770,1.159871,-7920.999936,0.5129005449928837,0.5129005449928837,0.5129005449928837
2022-04-07,sz.000736,17.1100,18.8200,16.6800,17.5000,17.1100,127080487,2249252959.5400,18.273600,2.279400,192.594960,4.018321,1.186309,-8101.548736,0.8505796289543142,0.8505796289543142,0.8505796289543142
2022-04-08,sz.000736,17.9700,19.2500,17.3900,19.2500,17.5000,106613498,1963766144.7000,15.330500,10.000000,211.854455,4.420154,1.304940,-8911.703610,0.8154016242774013,0.8154016242774013,0.8154016242774013
2022-04-11,sz.000736,17.3300,21.1800,17.3300,21.1800,19.2500,100487593,1858221974.1600,14.449600,10.026000,233.094928,4.863317,1.435773,-9805.188699,0.293270841959092,0.293270841959092,0.293270841959092
2022-04-12,sz.000736,20.4000,22.5600,19.0600,19.0600,21.1800,98000466,2016648087.8000,14.092000,-10.009400,209.763424,4.376526,1.292060,-8823.743938,-1.1861286837947356,-1.1861286837947356,-1.1861286837947356
2022-04-13,sz.000736,17.1500,20.8500,17.1500,20.1800,19.0600,109784202,2045181425.4500,15.786400,5.876200,222.089502,4.633699,1.367984,-9342.243057,-1.0226040520403799,-1.0226040520403799,-1.0226040520403799
2022-04-14,sz.000736,21.5400,22.2000,20.6000,22.2000,20.1800,77519171,1699764548.6100,11.146900,10.009900,244.320463,5.097528,1.504918,-10277.393254,-0.794735112791956,-0.794735112791956,-0.794735112791956
2022-04-15,sz.000736,23.4700,24.4200,20.8000,24.4200,22.2000,97370103,2244140972.1900,14.001300,10.000000,72.067995,5.211477,1.167786,9.123276,-1.690367074243732,-1.690367074243732,-1.690367074243732
2022-04-18,sz.000736,25.0000,26.8600,21.9800,22.0000,24.4200,129012034,3183045940.4700,18.551300,-9.909900,64.926122,4.695024,1.052059,8.219168,-2.1001355279717626,-2.1001355279717626,-2.1001355279717626
2022-04-19,sz.000736,19.8000,19.9900,19.8000,19.8000,22.0000,40059500,793328428.0000,5.760400,-10.000000,58.433510,4.225522,0.946853,7.397251,-2.5931763595296595,-2.5931763595296595,-2.5931763595296595
2022-04-20,sz.000736,18.2100,18.8800,17.8200,17.8500,19.8000,95859331,1728435285.2200,13.784100,-9.848500,52.678694,3.809372,0.853603,6.668734,-1.6345397438483646,-1.6345397438483646,-1.6345397438483646
2022-04-21,sz.000736,17.8200,18.7600,16.6200,17.4000,17.8500,99126164,1757737202.0100,14.253900,-2.521000,51.350660,3.713338,0.832083,6.500614,-1.1501128161157,-1.1501128161157,-1.1501128161157
2022-04-22,sz.000736,17.2000,19.0000,16.7000,17.4100,17.4000,99715984,1789927841.0400,14.338700,0.057500,51.380172,3.715472,0.832562,6.504350,-1.4163756815429038,-1.4163756815429038,-1.4163756815429038
2022-04-25,sz.000736,16.5700,19.1500,16.3000,19.1500,17.4100,125552287,2353646859.3500,18.053800,9.994300,56.515238,4.086805,0.915770,7.154412,-1.440697574886308,-1.440697574886308,-1.440697574886308
2022-04-26,sz.000736,19.5000,21.0700,18.5000,19.9800,19.1500,132622398,2658502377.0500,19.070500,4.334200,58.964723,4.263936,0.955461,7.464499,-0.9204544547237705,-0.9204544547237705,-0.9204544547237705
2022-04-27,sz.000736,19.5000,21.8700,19.5000,21.0000,19.9800,116866854,2432839698.8300,16.804900,5.105100,61.974934,4.481614,1.004239,7.845569,-0.07406571383861327,-0.07406571383861327,-0.07406571383861327
2022-04-28,sz.000736,21.1100,23.1000,20.7900,23.1000,21.0000,108303747,2396540279.5300,15.573600,10.000000,68.172428,4.929776,1.104662,8.630126,-0.3249713355932028,-0.3249713355932028,-0.3249713355932028
2022-04-29,sz.000736,23.9500,25.4100,23.0100,25.4100,23.1000,98798324,2393647118.5800,14.206700,10.000000,52.636415,5.489529,1.075013,-18.768740,0.2870116777566911,0.2870116777566911,0.2870116777566911
2022-05-05,sz.000736,24.5000,25.2000,22.8700,22.8700,25.4100,108204835,2535313551.5000,15.559300,-9.996100,47.374845,4.940792,0.967554,-16.892604,0.30744120053174373,0.30744120053174373,0.30744120053174373
2022-05-06,sz.000736,20.9100,23.9100,20.5800,23.3500,22.8700,101826030,2214162316.8400,14.642100,2.098800,48.369158,5.044491,0.987861,-17.247150,0.2994457991986172,0.2994457991986172,0.2994457991986172
2022-05-09,sz.000736,22.8800,25.5200,21.1200,24.1800,23.3500,105940441,2527475857.1100,15.233700,3.554600,50.088490,5.223802,1.022975,-17.860217,0.06266285817026955,0.06266285817026955,0.06266285817026955
2022-05-10,sz.000736,23.3500,26.6000,22.8800,26.6000,24.1800,73950751,1915978595.9800,10.633800,10.008300,55.101482,5.746615,1.125358,-19.647716,-0.004717263426013069,-0.004717263426013069,-0.004717263426013069
2022-05-11,sz.000736,29.2000,29.2600,28.3300,29.2600,26.6000,75375632,2199286957.4200,10.838700,10.000000,60.611630,6.321276,1.237893,-21.612488,0.0985150029066868,0.0985150029066868,0.0985150029066868
2022-05-12,sz.000736,30.6900,31.7500,26.3300,26.3300,29.2600,121585958,3515197675.5700,17.483500,-10.013700,54.542181,5.688284,1.113935,-19.448285,1.37438217445509,1.37438217445509,1.37438217445509
2022-05-13,sz.000736,25.8700,26.3300,23.7000,23.7000,26.3300,114735013,2807943001.0000,16.498300,-9.988600,49.094177,5.120104,1.002668,-17.505672,1.8229124249711202,1.8229124249711202,1.8229124249711202
2022-05-16,sz.000736,24.4000,25.2700,22.5600,24.0000,23.7000,94337022,2262492013.9900,13.565200,1.265800,49.715623,5.184915,1.015360,-17.727263,2.2548575041064054,2.2548575041064054,2.2548575041064054
2022-05-17,sz.000736,23.5000,23.5000,21.6000,21.6000,24.0000,69485829,1519388809.0600,9.991700,-10.000000,44.744060,4.666424,0.913824,-15.954537,2.18756492567449,2.18756492567449,2.18756492567449
2022-05-18,sz.000736,20.5100,22.0000,20.4100,20.7500,21.6000,72431413,1525105854.2600,10.415300,-3.935200,42.983299,4.482791,0.877863,-15.326696,0.8984918071775058,0.8984918071775058,0.8984918071775058
2022-05-19,sz.000736,20.6600,21.5300,20.5000,20.7900,20.7500,60930128,1281276900.3900,8.761500,0.192800,43.066158,4.491433,0.879556,-15.356242,0.9575901216700313,0.9575901216700313,0.9575901216700313
2022-05-20,sz.000736,21.0100,21.3500,19.4500,19.5000,20.7900,80295372,1616802018.1900,11.546100,-6.204900,40.393943,4.212744,0.824980,-14.403401,1.6188158455779618,1.6188158455779618,1.6188158455779618
2022-05-23,sz.000736,19.5100,19.7200,19.1000,19.4900,19.5000,44003310,852059747.4200,6.327500,-0.051300,40.373229,4.210583,0.824557,-14.396015,2.4262178793413707,2.4262178793413707,2.4262178793413707
2022-05-24,sz.000736,19.2000,19.3600,18.0000,18.0000,19.4900,52849849,981985897.7200,7.599600,-7.644900,37.286717,3.888687,0.761520,-13.295447,1.170185918667017,1.170185918667017,1.170185918667017
2022-05-25,sz.000736,18.0000,18.5000,17.7600,18.3000,18.0000,33548257,609871585.2700,4.824100,1.666700,37.908162,3.953498,0.774212,-13.517038,0.02453342417536803,0.02453342417536803,0.02453342417536803
2022-05-26,sz.000736,18.3100,19.6500,18.2300,18.8600,18.3000,70645380,1345083701.0000,10.158500,3.060100,39.068193,4.074479,0.797904,-13.930674,0.16005974749517518,0.16005974749517518,0.16005974749517518
2022-05-27,sz.000736,18.6100,20.7500,18.2500,20.7500,18.8600,111814006,2211490516.1000,16.078300,10.021200,42.983299,4.482791,0.877863,-15.326696,0.2684399541056992,0.2684399541056992,0.2684399541056992
2022-05-30,sz.000736,20.5800,21.7700,19.6200,20.4800,20.7500,111101306,2305429802.3400,15.975800,-1.301200,42.423998,4.424461,0.866441,-15.127264,0.3780361079785937,0.3780361079785937,0.3780361079785937
2022-05-31,sz.000736,19.8600,20.0000,18.4300,18.4300,20.4800,63555974,1186951490.4400,9.139000,-10.009800,38.177455,3.981583,0.779712,-13.613061,0.004523219719187401,0.004523219719187401,0.004523219719187401
2022-06-01,sz.000736,17.3400,18.3400,16.9000,17.3400,18.4300,78156059,1371823619.4100,11.238500,-5.914300,35.919537,3.746101,0.733598,-12.807947,-0.04153692442584784,-0.04153692442584784,-0.04153692442584784
2022-06-02,sz.000736,17.4100,17.4800,16.1800,16.4100,17.3400,66502911,1103159551.8000,9.562800,-5.363300,33.993057,3.545186,0.694253,-12.121016,-0.11476513017667936,-0.11476513017667936,-0.11476513017667936
2022-06-06,sz.000736,15.9900,16.6800,15.7000,16.2800,16.4100,48511736,789899334.3600,6.975800,-0.792200,33.723764,3.517101,0.688753,-12.024993,0.33068851485507267,0.33068851485507267,0.33068851485507267
2022-06-07,sz.000736,16.3800,17.9100,16.1800,17.9100,16.2800,71101184,1200837896.7000,10.224000,10.012300,37.100283,3.869243,0.757713,-13.228970,0.10988782631711976,0.10988782631711976,0.10988782631711976
2022-06-08,sz.000736,17.8600,17.8600,16.6000,16.8700,17.9100,70509163,1210593318.0900,10.138900,-5.806800,34.945940,3.644563,0.713714,-12.460789,-4.459804170905778,-4.459804170905778,-4.459804170905778
2022-06-09,sz.000736,17.0600,17.8900,16.8100,17.0300,16.8700,64485452,1124055311.2400,9.272700,0.948400,35.277377,3.679130,0.720483,-12.578970,-2.5540099731060106,-2.5540099731060106,-2.5540099731060106
2022-06-10,sz.000736,16.6000,17.1700,16.3900,16.7000,17.0300,48380331,810753890.5400,6.956900,-1.937800,34.593787,3.607837,0.706521,-12.335220,-2.3737136584172522,-2.3737136584172522,-2.3737136584172522
2022-06-13,sz.000736,16.4500,16.8000,16.0300,16.1200,16.7000,39769289,648261750.5500,5.718600,-3.473100,33.392327,3.482535,0.681984,-11.906812,-1.4772230180981671,-1.4772230180981671,-1.4772230180981671
2022-06-14,sz.000736,16.0000,16.5000,15.4100,16.0700,16.1200,47483351,759479699.8500,6.827900,-0.310200,33.288752,3.471733,0.679868,-11.869880,-1.5657369169989983,-1.5657369169989983,-1.5657369169989983
2022-06-15,sz.000736,15.9600,17.3200,15.7700,16.5000,16.0700,70615674,1180243364.3000,10.154200,2.675800,34.179491,3.564629,0.698060,-12.187493,-0.7021515500313822,-0.7021515500313822,-0.7021515500313822
2022-06-16,sz.000736,16.5100,16.8100,16.0100,16.3800,16.5000,52109387,853660531.6300,7.493100,-0.727300,33.930912,3.538705,0.692983,-12.098857,-0.8311518643942494,-0.8311518643942494,-0.8311518643942494
2022-06-17,sz.000736,16.2000,16.3000,15.5100,15.7500,16.3800,44068177,696213764.0000,6.336800,-3.846200,32.625877,3.402601,0.666330,-11.633516,-0.9849096443699338,-0.9849096443699338,-0.9849096443699338
2022-06-20,sz.000736,15.8900,16.4800,15.8300,16.2600,15.7500,40617342,656921499.1600,5.840600,3.238100,33.682334,3.512780,0.687907,-12.010221,-0.9483386496356331,-0.9483386496356331,-0.9483386496356331
2022-06-21,sz.000736,16.2400,17.8900,16.1100,17.0600,16.2600,84252654,1440928038.4800,12.115100,4.920000,35.339522,3.685611,0.721752,-12.601129,-0.9075556921753982,-0.9075556921753982,-0.9075556921753982
2022-06-22,sz.000736,16.6800,17.5000,16.0000,16.6600,17.0600,61819281,1025677749.4000,8.889300,-2.344700,34.510928,3.599195,0.704829,-12.305675,-0.20941860851126776,-0.20941860851126776,-0.20941860851126776
2022-06-23,sz.000736,16.5100,16.5900,15.8800,16.4600,16.6600,43318331,705482093.5300,6.229000,-1.200500,34.096631,3.555988,0.696368,-12.157948,-0.17216126936600787,-0.17216126936600787,-0.17216126936600787
2022-06-24,sz.000736,16.3500,16.4900,16.0000,16.1200,16.4600,33643875,544581207.1700,4.837800,-2.065600,33.392327,3.482535,0.681984,-11.906812,-0.1125524141439625,-0.1125524141439625,-0.1125524141439625
2022-06-27,sz.000736,16.1000,16.3800,15.9000,16.1900,16.1200,26938460,435548203.1200,3.873600,0.434200,33.537330,3.497657,0.684945,-11.958516,-0.4127174562805308,-0.4127174562805308,-0.4127174562805308
2022-06-28,sz.000736,16.0000,16.2100,15.5000,15.6200,16.1900,41529669,654487942.8700,5.971800,-3.520700,32.356584,3.374516,0.660830,-11.537494,-0.610598836276256,-0.610598836276256,-0.610598836276256
2022-06-29,sz.000736,15.5600,17.0000,15.4800,16.6700,15.6200,77110283,1264023217.0500,11.088100,6.722200,34.531643,3.601356,0.705252,-12.313061,-1.5657912293526075,-1.5657912293526075,-1.5657912293526075
2022-06-30,sz.000736,16.4000,16.4300,15.6900,15.9100,16.6300,56289764,900476940.8200,8.094200,-4.329500,32.957315,3.437167,0.673099,-11.751698,-1.7698629212492252,-1.7698629212492252,-1.7698629212492252
2022-07-01,sz.000736,15.8000,15.9800,15.5200,15.5200,15.9100,32281559,505984064.3900,4.641900,-2.451300,32.149436,3.352912,0.656600,-11.463630,-1.4770153432109552,-1.4770153432109552,-1.4770153432109552
2022-07-04,sz.000736,15.5000,15.6500,15.1800,15.2600,15.5200,25531774,389746754.4900,3.671300,-1.675300,31.610850,3.296742,0.645600,-11.271585,-1.7167707362288072,-1.7167707362288072,-1.7167707362288072
2022-07-05,sz.000736,15.3000,15.5300,15.0100,15.1300,15.2600,23396156,356810472.9800,3.364300,-0.851900,31.341557,3.268657,0.640100,-11.175562,-1.409031604913536,-1.409031604913536,-1.409031604913536
2022-07-06,sz.000736,15.0400,15.1000,14.2800,14.5000,15.1300,31501476,459548487.1600,4.529800,-4.163900,30.036522,3.132553,0.613447,-10.710221,-1.2815811805418165,-1.2815811805418165,-1.2815811805418165
2022-07-07,sz.000736,14.4100,14.7600,14.3400,14.3800,14.5000,20100681,291371824.5700,2.890400,-0.827600,29.787944,3.106628,0.608370,-10.621585,-1.5169938045290399,-1.5169938045290399,-1.5169938045290399
2022-07-08,sz.000736,14.3600,14.7400,14.1900,14.5000,14.3800,22142112,320323122.0600,3.183900,0.834500,30.036522,3.132553,0.613447,-10.710221,-1.620557430209248,-1.620557430209248,-1.620557430209248
2022-07-11,sz.000736,14.3700,14.7900,14.1700,14.6600,14.5000,23205258,338623465.6400,3.336800,1.103400,30.367960,3.167119,0.620216,-10.828403,-1.7586229857927447,-1.7586229857927447,-1.7586229857927447
2022-07-12,sz.000736,14.6900,15.9900,14.5300,15.2700,14.6600,57152666,874507889.1600,8.218300,4.161000,31.631565,3.298902,0.646023,-11.278971,-1.9252806351373088,-1.9252806351373088,-1.9252806351373088
2022-07-13,sz.000736,15.0600,16.6500,15.0400,15.6600,15.2700,72262530,1152441354.5500,10.391000,2.554000,32.439444,3.383157,0.662523,-11.567039,-0.9838837086534643,-0.9838837086534643,-0.9838837086534643
2022-07-14,sz.000736,14.5100,15.3000,14.5000,14.5100,15.6600,52994373,782267442.2700,7.620300,-7.343600,30.057237,3.134713,0.613870,-10.717608,-1.1724396823196839,-1.1724396823196839,-1.1724396823196839
2022-07-15,sz.000736,14.2200,14.3900,13.0600,13.0600,14.5100,50001895,666017145.5000,7.190000,-9.993100,27.053585,2.821458,0.552525,-9.646586,-0.03580988374437143,-0.03580988374437143,-0.03580988374437143
2022-07-18,sz.000736,12.8400,14.1000,12.8400,13.7800,13.0600,42135361,574023676.5300,6.058900,5.513000,28.545053,2.977006,0.582986,-10.178403,0.9313487816873577,0.9313487816873577,0.9313487816873577
2022-07-19,sz.000736,13.8500,13.9900,13.5400,13.6300,13.7800,29000003,398776984.2200,4.170100,-1.088500,28.234331,2.944600,0.576640,-10.067608,0.9299533094102092,0.9299533094102092,0.9299533094102092
2022-07-20,sz.000736,13.7000,13.8500,13.3400,13.4100,13.6300,18892100,254341055.0800,2.716600,-1.614100,27.778604,2.897071,0.567332,-9.905108,0.5393530801305412,0.5393530801305412,0.5393530801305412
2022-07-21,sz.000736,13.4100,13.4800,13.1400,13.1700,13.4100,17435139,230931149.3800,2.507100,-1.789700,27.281448,2.845222,0.557179,-9.727836,0.6943408829038269,0.6943408829038269,0.6943408829038269
2022-07-22,sz.000736,13.2200,13.4900,12.9100,13.0500,13.1700,18624715,245419794.6600,2.678100,-0.911200,27.032870,2.819298,0.552102,-9.639199,0.7437834785335998,0.7437834785335998,0.7437834785335998
2022-07-25,sz.000736,13.2000,13.8500,13.0500,13.3700,13.0500,35710110,482275802.6600,5.134900,2.452100,27.695745,2.888430,0.565640,-9.875563,1.1442827626103818,1.1442827626103818,1.1442827626103818
2022-07-26,sz.000736,13.1400,14.7100,13.0800,14.7100,13.3700,52365491,744593999.1300,7.529900,10.022400,30.471534,3.177921,0.622331,-10.865335,3.8490232764765078,3.8490232764765078,3.8490232764765078
2022-07-27,sz.000736,14.7100,15.4200,14.6200,14.7500,14.7100,78264646,1173881787.3500,11.254100,0.271900,30.554393,3.186563,0.624023,-10.894880,3.7721142073054974,3.7721142073054974,3.7721142073054974
2022-07-28,sz.000736,14.4800,15.9000,14.2400,15.0100,14.7500,66365781,988869936.8000,9.543100,1.762700,31.092979,3.242732,0.635023,-11.086926,5.355387210109676,5.355387210109676,5.355387210109676
2022-07-29,sz.000736,14.8000,14.8000,13.9400,13.9800,15.0100,46594795,663174084.5500,6.700100,-6.862100,28.959350,3.020213,0.591447,-10.326131,4.72270038419832,4.72270038419832,4.72270038419832
2022-08-01,sz.000736,13.7200,13.9300,13.3300,13.4500,13.9800,29715021,401306572.0800,4.272900,-3.791100,27.861464,2.905713,0.569025,-9.934654,2.398318352632116,2.398318352632116,2.398318352632116
2022-08-02,sz.000736,13.2000,13.2800,12.2800,12.3400,13.4500,31173317,392714971.9700,4.482600,-8.252800,25.562116,2.665911,0.522064,-9.114768,3.0638502031351202,3.0638502031351202,3.0638502031351202
2022-08-03,sz.000736,12.2800,12.6000,11.7600,11.8300,12.3400,31972719,386866672.4400,4.597500,-4.132900,24.505659,2.555731,0.500488,-8.738063,3.512980346207929,3.512980346207929,3.512980346207929
2022-08-04,sz.000736,11.9000,12.1400,11.7200,12.1400,11.8300,23237000,278595405.0000,3.341400,2.620500,25.147819,2.622703,0.513603,-8.967041,3.5667077069752415,3.5667077069752415,3.5667077069752415
2022-08-05,sz.000736,12.1100,12.3500,12.0000,12.1800,12.1400,20964101,254556745.1700,3.014500,0.329500,25.230678,2.631345,0.515295,-8.996586,2.857313173102159,2.857313173102159,2.857313173102159
2022-08-08,sz.000736,12.3500,13.1800,12.3500,12.4900,12.1800,35148373,446138743.7900,5.054200,2.545200,25.872839,2.698316,0.528410,-9.225563,3.2177874987062642,3.2177874987062642,3.2177874987062642
2022-08-09,sz.000736,12.4000,12.7500,12.1300,12.1800,12.4900,27770083,341624342.1600,3.993200,-2.482000,25.230678,2.631345,0.515295,-8.996586,2.505463137840057,2.505463137840057,2.505463137840057
2022-08-10,sz.000736,12.1000,12.2000,11.9400,12.1100,12.1800,16429242,197986199.4200,2.362400,-0.574700,25.085675,2.616222,0.512334,-8.944881,2.3171159197649316,2.3171159197649316,2.3171159197649316
2022-08-11,sz.000736,12.1900,12.4000,12.1100,12.2100,12.1100,20647789,252096964.3000,2.969100,0.825800,25.292823,2.637826,0.516564,-9.018745,2.0612267207092683,2.0612267207092683,2.0612267207092683
2022-08-12,sz.000736,12.1100,12.5600,12.0300,12.5000,12.2100,28427220,351402847.3500,4.087700,2.375100,25.893553,2.700477,0.528833,-9.232949,1.636497337694852,1.636497337694852,1.636497337694852
2022-08-15,sz.000736,12.3800,12.6600,12.1500,12.1800,12.5000,21127508,259548957.6200,3.038000,-2.560000,25.230678,2.631345,0.515295,-8.996586,1.9538562670634352,1.9538562670634352,1.9538562670634352
2022-08-16,sz.000736,12.2200,13.2800,12.2200,12.8000,12.1800,49541530,633426106.1200,7.123800,5.090300,26.514999,2.765288,0.541525,-9.454540,0.8122459670003755,0.8122459670003755,0.8122459670003755
2022-08-17,sz.000736,12.6000,12.9200,12.4100,12.6700,12.8000,32420184,408945463.9200,4.661900,-1.015600,26.245706,2.737203,0.536026,-9.358518,-0.22195587654505924,-0.22195587654505924,-0.22195587654505924
2022-08-18,sz.000736,12.6500,12.9000,12.3700,12.4300,12.6700,19633735,245678035.8500,2.823200,-1.894200,25.748550,2.685354,0.525872,-9.181245,0.07305908682282594,0.07305908682282594,0.07305908682282594
2022-08-19,sz.000736,12.3000,12.8800,12.3000,12.4300,12.4300,21359304,268844600.4400,3.071400,0.000000,25.748550,2.685354,0.525872,-9.181245,0.10555878831317465,0.10555878831317465,0.10555878831317465
2022-08-22,sz.000736,12.4900,13.6700,12.3300,13.3000,12.4300,68796550,910808848.8700,9.892600,6.999200,27.550741,2.873307,0.562679,-9.823858,0.8781909421432834,0.8781909421432834,0.8781909421432834
2022-08-23,sz.000736,13.0000,13.1200,12.3500,12.5400,13.3000,52939640,666984955.6000,7.612500,-5.714300,25.976413,2.709118,0.530526,-9.262495,1.2706025413922413,1.2706025413922413,1.2706025413922413
2022-08-24,sz.000736,12.3000,12.5300,12.0200,12.0200,12.5400,27750747,339241104.8900,3.990400,-4.146700,24.899241,2.596778,0.508526,-8.878404,1.4743237192136847,1.4743237192136847,1.4743237192136847
2022-08-25,sz.000736,12.1600,12.4400,12.0500,12.2800,12.0200,24851672,304349381.0800,3.573600,2.163100,25.437827,2.652948,0.519526,-9.070450,1.9635284139592144,1.9635284139592144,1.9635284139592144
2022-08-26,sz.000736,12.1200,12.4800,12.0000,12.1300,12.2800,20568552,250561322.5600,2.957700,-1.221500,25.127104,2.620543,0.513180,-8.959654,2.006276071575253,2.006276071575253,2.006276071575253
2022-08-29,sz.000736,11.8100,12.1900,11.5000,12.1800,12.1300,19771251,234777778.2100,2.843000,0.412200,25.230678,2.631345,0.515295,-8.996586,2.226841037478969,2.226841037478969,2.226841037478969
2022-08-30,sz.000736,12.2000,12.5500,12.1700,12.2800,12.1800,19476034,239777384.0800,2.800600,0.821000,53.951005,2.574583,0.387557,-1.497096,2.037259538181619,2.037259538181619,2.037259538181619
2022-08-31,sz.000736,12.2800,12.7800,12.2100,12.5000,12.2800,31710936,397938523.7200,4.559900,1.791500,54.917553,2.620708,0.394500,-1.523917,2.3478889333302075,2.3478889333302075,2.3478889333302075
2022-09-01,sz.000736,12.5900,13.7300,12.3500,13.1400,12.5000,59312871,782886853.3700,8.528900,5.120000,57.729332,2.754888,0.414698,-1.601942,2.2175109843960166,2.2175109843960166,2.2175109843960166
2022-09-02,sz.000736,12.9100,12.9500,12.3500,12.4600,13.1400,42728118,537507217.3200,6.144100,-5.175000,54.741817,2.612321,0.393238,-1.519041,1.9109785730656605,1.9109785730656605,1.9109785730656605
2022-09-05,sz.000736,12.2100,13.1000,12.2100,12.8900,12.4600,43287778,551536625.3200,6.224600,3.451000,56.630981,2.702474,0.406808,-1.571463,0.9235038786315383,0.9235038786315383,0.9235038786315383
2022-09-06,sz.000736,12.9300,14.1800,12.8900,13.6500,12.8900,95094449,1313733566.3400,13.674100,5.896000,59.969968,2.861813,0.430794,-1.664118,1.8857599185995986,1.8857599185995986,1.8857599185995986
2022-09-07,sz.000736,13.3700,14.8800,13.3200,14.5500,13.6500,79997921,1125649413.2700,11.503300,6.593400,63.924032,3.050504,0.459198,-1.773840,1.7817136470893329,1.7817136470893329,1.7817136470893329
2022-09-08,sz.000736,14.4400,15.0400,13.9300,14.8700,14.5500,65642718,948915732.9400,9.439100,2.199300,65.329922,3.117594,0.469297,-1.812852,1.6081116605764405,1.6081116605764405,1.6081116605764405
2022-09-09,sz.000736,14.8000,16.3000,14.5100,16.0200,14.8700,88833789,1372075299.4100,12.773900,7.733700,70.382337,3.358699,0.505591,-1.953052,2.3776664276145185,2.3776664276145185,2.3776664276145185
2022-09-13,sz.000736,15.4100,15.9500,14.7000,15.0400,16.0200,66251700,1017972465.9400,9.526700,-6.117400,66.076800,3.153236,0.474662,-1.833577,1.4053853054583483,1.4053853054583483,1.4053853054583483
2022-09-14,sz.000736,14.5800,16.0500,14.5700,15.1200,15.0400,64440441,998521095.3800,9.266200,0.531900,66.428273,3.170008,0.477187,-1.843330,1.405767776596811,1.405767776596811,1.405767776596811
2022-09-15,sz.000736,15.3000,16.6300,15.2000,16.6300,15.1200,80045341,1273276191.0400,11.510100,9.986800,73.062313,3.486590,0.524843,-2.027419,-0.6788752813638859,-0.6788752813638859,-0.6788752813638859
2022-09-16,sz.000736,16.7500,17.8800,16.1200,17.1100,16.6300,103525729,1769378306.4800,14.886500,2.886300,75.171147,3.587225,0.539992,-2.085938,-0.38393956229469517,-0.38393956229469517,-0.38393956229469517
2022-09-19,sz.000736,16.0000,17.8000,15.4000,16.5600,17.1100,75276521,1243995683.2600,10.824400,-3.214500,72.754775,3.471914,0.522634,-2.018885,-0.1279999384872758,-0.1279999384872758,-0.1279999384872758
2022-09-20,sz.000736,16.1500,17.0200,15.6000,15.7800,16.5600,69405547,1123596210.6800,9.980200,-4.710100,69.327919,3.308381,0.498017,-1.923793,-0.7370713271977953,-0.7370713271977953,-0.7370713271977953
2022-09-21,sz.000736,15.3000,15.6000,14.6500,15.0400,15.7800,64773814,975892633.4900,9.314200,-4.689500,66.076800,3.153236,0.474662,-1.833577,-1.2843242112711186,-1.2843242112711186,-1.2843242112711186
2022-09-22,sz.000736,14.8200,15.3500,14.7600,14.7600,15.0400,47044588,704906285.1200,6.764800,-1.861700,64.846647,3.094532,0.465826,-1.799441,-1.8923208209044433,-1.8923208209044433,-1.8923208209044433
2022-09-23,sz.000736,14.9000,15.3900,14.1100,14.1800,14.7600,56596656,841827878.0900,8.138300,-3.929500,62.298473,2.972931,0.447521,-1.728732,-1.7054858457884845,-1.7054858457884845,-1.7054858457884845
2022-09-26,sz.000736,13.9600,14.5900,13.9400,14.1000,14.1800,44886688,639049028.7700,6.454500,-0.564200,61.947000,2.956158,0.444996,-1.718979,-4.523183348611546,-4.523183348611546,-4.523183348611546
2022-09-27,sz.000736,14.0500,14.3600,13.1300,14.1700,14.1000,49860568,685791034.2800,7.169700,0.496500,62.254539,2.970834,0.447205,-1.727512,-1.8789084503926734,-1.8789084503926734,-1.8789084503926734
2022-09-28,sz.000736,14.0100,14.1900,13.4100,13.4400,14.1700,40135675,550535775.0400,5.771300,-5.151700,59.047353,2.817785,0.424166,-1.638516,-1.0040364777047548,-1.0040364777047548,-1.0040364777047548
2022-09-29,sz.000736,13.5400,13.6500,12.7000,12.9000,13.4400,38158787,499090339.2000,5.487000,-4.017900,56.674915,2.704570,0.407124,-1.572682,0.012401665509316345,0.012401665509316345,0.012401665509316345
2022-09-30,sz.000736,13.3000,13.7600,12.7200,13.3500,12.9000,61393400,817687891.4500,8.828100,3.488400,58.651947,2.798916,0.421326,-1.627544,0.44749037732515695,0.44749037732515695,0.44749037732515695
2022-10-10,sz.000736,13.5000,13.9900,13.2500,13.4900,13.3500,49159971,670181314.3000,7.069000,1.048700,59.267024,2.828268,0.425744,-1.644611,-0.06204553796059278,-0.06204553796059278,-0.06204553796059278
2022-10-11,sz.000736,13.2500,13.4800,12.6600,12.7900,13.4900,38144613,490062479.7500,5.485000,-5.189000,56.191641,2.681508,0.403652,-1.559272,-0.07292122254846406,-0.07292122254846406,-0.07292122254846406
2022-10-12,sz.000736,12.8300,13.0300,12.2700,12.8900,12.7900,42388401,537652677.4800,6.095200,0.781900,56.630981,2.702474,0.406808,-1.571463,0.2702115934416186,0.2702115934416186,0.2702115934416186
2022-10-13,sz.000736,12.6000,12.6800,12.3600,12.3700,12.8900,36344562,453006551.7600,5.226200,-4.034100,54.346411,2.593452,0.390397,-1.508068,0.2556939439032909,0.2556939439032909,0.2556939439032909
2022-10-14,sz.000736,12.4100,12.6400,12.4000,12.4700,12.3700,33193672,415192719.4800,4.773100,0.808400,54.785751,2.614418,0.393553,-1.520260,0.34815045839571107,0.34815045839571107,0.34815045839571107
2022-10-17,sz.000736,12.2800,12.8000,12.0600,12.7900,12.4700,36740900,460528319.0000,5.283200,2.566200,56.191641,2.681508,0.403652,-1.559272,0.38803202360296124,0.38803202360296124,0.38803202360296124
2022-10-18,sz.000736,12.9200,13.1000,12.6700,12.8100,12.7900,37772733,486966358.2500,5.431500,0.156400,56.279509,2.685701,0.404284,-1.561710,0.33504186584490186,0.33504186584490186,0.33504186584490186
2022-10-19,sz.000736,12.8500,13.6400,12.7100,13.0400,12.8100,53648234,704041735.0100,7.714400,1.795500,57.289992,2.733922,0.411542,-1.589750,-0.3168764320051854,-0.3168764320051854,-0.3168764320051854
2022-10-20,sz.000736,12.8900,12.8900,12.3400,12.4800,13.0400,34130368,428429290.6500,4.907800,-4.294500,54.829685,2.616515,0.393869,-1.521479,-0.1751312839479212,-0.1751312839479212,-0.1751312839479212
2022-10-21,sz.000736,12.6700,12.8000,12.1500,12.1600,12.4800,30158996,376707055.7500,4.336700,-2.564100,53.423796,2.549424,0.383770,-1.482467,0.14217209653475857,0.14217209653475857,0.14217209653475857
2022-10-24,sz.000736,11.9600,12.1200,11.5200,11.6300,12.1600,31256893,368891463.7100,4.494600,-4.358600,51.095292,2.438306,0.367043,-1.417852,0.8251041371507268,0.8251041371507268,0.8251041371507268
2022-10-25,sz.000736,11.3000,11.8300,11.0100,11.7900,11.6300,34120425,388690985.6200,4.906400,1.375800,51.798236,2.471852,0.372092,-1.437359,0.8209977920364766,0.8209977920364766,0.8209977920364766
2022-10-26,sz.000736,11.6900,11.7300,11.3400,11.4100,11.7900,31095276,357704932.7100,4.471400,-3.223100,50.128743,2.392182,0.360100,-1.391032,0.4740586106093199,0.4740586106093199,0.4740586106093199
2022-10-27,sz.000736,11.4900,11.6700,11.3200,11.3400,11.4100,26575278,305424154.0000,3.821400,-0.613500,49.821204,2.377506,0.357890,-1.382498,0.4216862972714399,0.4216862972714399,0.4216862972714399
2022-10-28,sz.000736,11.2000,11.2800,10.5500,10.5700,11.3400,30179568,328115604.9100,4.339700,-6.790100,46.438283,2.216070,0.333589,-1.288624,1.1127306708927343,1.1127306708927343,1.1127306708927343
2022-10-31,sz.000736,10.3800,10.5800,10.1600,10.1900,10.5700,29410824,302548005.6100,4.229100,-3.595100,118.789126,2.316918,0.297666,-1.244383,0.7602139229048493,0.7602139229048493,0.7602139229048493
2022-11-01,sz.000736,10.3000,10.4800,10.1600,10.4700,10.1900,25502058,262830468.1700,3.667100,2.747800,122.053204,2.380582,0.305845,-1.278577,1.0278402641362956,1.0278402641362956,1.0278402641362956
2022-11-02,sz.000736,10.4500,11.0500,10.3600,10.9600,10.4700,38173342,412679907.9800,5.489100,4.680000,127.765340,2.491994,0.320159,-1.338414,1.5141853692789318,1.5141853692789318,1.5141853692789318
2022-11-03,sz.000736,10.8000,11.5000,10.7400,11.1100,10.9600,40089392,447835467.3200,5.764700,1.368600,129.513954,2.526100,0.324541,-1.356732,1.4506656687426736,1.4506656687426736,1.4506656687426736
2022-11-04,sz.000736,11.1000,11.4900,11.0500,11.4000,11.1100,40140361,452858763.7400,5.772000,2.610300,132.894606,2.592037,0.333012,-1.392146,1.3815609187110867,1.3815609187110867,1.3815609187110867
2022-11-07,sz.000736,11.4100,11.8100,11.3400,11.6900,11.4000,33661418,390462277.0900,4.840300,2.543900,136.275258,2.657975,0.341484,-1.427561,1.2759039185398209,1.2759039185398209,1.2759039185398209
2022-11-08,sz.000736,11.8500,12.8000,11.5700,12.0100,11.6900,58102835,703068027.6900,8.354900,2.737400,140.005633,2.730734,0.350831,-1.466638,1.2217307129537673,1.2217307129537673,1.2217307129537673
2022-11-09,sz.000736,12.0000,12.7700,11.9300,12.1600,12.0100,54097762,669728309.2900,7.779000,1.249000,141.754246,2.764840,0.355213,-1.484956,1.3676151535303267,1.3676151535303267,1.3676151535303267
2022-11-10,sz.000736,11.9800,12.1600,11.7200,11.7800,12.1600,40283008,478437861.9400,5.792500,-3.125000,137.324426,2.678439,0.344113,-1.438551,1.449739069883605,1.449739069883605,1.449739069883605
2022-11-11,sz.000736,11.9700,12.9600,11.8800,12.8600,11.7800,93899034,1174766872.0500,13.502200,9.168100,149.914441,2.924000,0.375661,-1.570439,1.3505935202366428,1.3505935202366428,1.3505935202366428
2022-11-14,sz.000736,13.3000,13.9900,12.5100,13.4500,12.8600,100143892,1320792848.5900,14.400200,4.587900,156.792320,3.058149,0.392896,-1.642488,1.05162114305284,1.05162114305284,1.05162114305284
2022-11-15,sz.000736,13.1000,13.9200,12.9200,13.4700,13.4500,66636542,896197142.0400,9.582000,0.148700,157.025468,3.062697,0.393480,-1.644931,1.070537692905811,1.070537692905811,1.070537692905811
2022-11-16,sz.000736,13.2900,13.5800,12.8600,13.0900,13.4700,44973831,591514310.2900,6.467000,-2.821100,152.595648,2.976296,0.382380,-1.598526,1.2668848845566274,1.2668848845566274,1.2668848845566274
2022-11-17,sz.000736,13.0900,13.2700,12.7300,12.9600,13.0900,33015041,428947692.3900,4.747400,-0.993100,151.080183,2.946737,0.378582,-1.582651,1.3340510522437758,1.3340510522437758,1.3340510522437758
2022-11-18,sz.000736,12.9700,13.0800,12.6100,12.6700,12.9600,34715415,445411419.8900,4.991900,-2.237700,147.699531,2.880800,0.370111,-1.547236,2.0858148004864354,2.0858148004864354,2.0858148004864354
2022-11-21,sz.000736,12.5000,12.6500,12.1500,12.6200,12.6700,31807826,393200881.8800,4.573800,-0.394600,147.116660,2.869431,0.368650,-1.541130,2.0861708813324555,2.0861708813324555,2.0861708813324555
2022-11-22,sz.000736,12.7500,13.1000,12.3500,12.5600,12.6200,42971913,547018119.6100,6.179200,-0.475400,146.417215,2.855789,0.366898,-1.533803,2.1233322781801074,2.1233322781801074,2.1233322781801074
2022-11-23,sz.000736,12.3800,12.8600,12.2200,12.7100,12.5600,29825532,375821772.4400,4.288800,1.194300,148.165828,2.889894,0.371279,-1.552121,2.224487629831816,2.224487629831816,2.224487629831816
2022-11-24,sz.000736,13.8000,13.9800,13.4600,13.9800,12.7100,88805110,1231145032.7600,12.769700,9.992100,162.970753,3.178656,0.408378,-1.707211,1.9060176792839238,1.9060176792839238,1.9060176792839238
2022-11-25,sz.000736,14.5000,15.3800,14.4800,15.3800,13.9800,80030836,1213714555.6700,11.508000,10.014300,179.291144,3.496977,0.449274,-1.878176,0.18058190149949557,0.18058190149949557,0.18058190149949557
2022-11-28,sz.000736,15.7900,16.9200,15.6600,16.9200,15.3800,61388335,1011520481.2800,8.827300,10.013000,197.243573,3.847129,0.494260,-2.066238,-0.355017776543782,-0.355017776543782,-0.355017776543782
2022-11-29,sz.000736,18.6100,18.6100,18.6100,18.6100,16.9200,2783926,51808862.8600,0.400300,9.988200,216.944615,4.231387,0.543628,-2.272618,2.892347636994524,2.892347636994524,2.892347636994524
2022-11-30,sz.000736,20.4700,20.4700,20.4700,20.4700,18.6100,4930395,100925185.6500,0.709000,9.994600,238.627419,4.654299,0.597961,-2.499758,2.588084406052586,2.588084406052586,2.588084406052586
2022-12-01,sz.000736,22.5200,22.5200,21.8800,22.5200,20.4700,37639488,845876822.6600,5.412400,10.014700,262.525133,5.120411,0.657845,-2.750100,2.7476910708804883,2.7476910708804883,2.7476910708804883
2022-12-02,sz.000736,22.0300,22.2000,20.2700,20.2700,22.5200,117196933,2481611246.8400,16.852400,-9.991100,236.295935,4.608824,0.592119,-2.475334,3.130420613788994,3.130420613788994,3.130420613788994
2022-12-05,sz.000736,20.0500,21.2900,18.8800,18.9500,20.2700,130575936,2611091300.1800,18.776200,-6.512100,220.908139,4.308694,0.553560,-2.314138,1.7806338491466054,1.7806338491466054,1.7806338491466054
2022-12-06,sz.000736,19.0100,19.4100,18.3300,19.3600,18.9500,89148526,1684435412.0900,12.819100,2.163600,225.687681,4.401916,0.565537,-2.364206,1.1260828429263658,1.1260828429263658,1.1260828429263658
2022-12-07,sz.000736,18.5400,18.8000,17.9300,18.2600,19.3600,75513842,1384939173.7500,10.858500,-5.681800,212.864518,4.151807,0.533404,-2.229877,1.1786001709096967,1.1786001709096967,1.1786001709096967
2022-12-08,sz.000736,18.4800,19.1100,18.2000,18.5000,18.2600,82754729,1542865016.8500,11.899700,1.314300,215.662299,4.206377,0.540415,-2.259185,1.813045513535751,1.813045513535751,1.813045513535751
2022-12-09,sz.000736,18.6600,19.9800,18.6600,19.0000,18.5000,92091349,1770905202.8600,13.242300,2.702700,221.491010,4.320062,0.555020,-2.320244,2.922738156252196,2.922738156252196,2.922738156252196
2022-12-12,sz.000736,18.0000,19.4800,17.8000,18.3600,19.0000,72055492,1342482370.9900,10.361200,-3.368400,214.030260,4.174544,0.536325,-2.242088,5.03729193831254,5.03729193831254,5.03729193831254
